URL,original_label,method,prediction
montreal.louer.com/ahuntsic-rentals/houses-rent/,benign,ai,benign
montreal.louer.com/ahuntsic-rentals/houses-rent/,benign,deterministic,defacement
comunidade.sol.pt/blogs/hytigin/default.aspx,benign,ai,benign
comunidade.sol.pt/blogs/hytigin/default.aspx,benign,deterministic,defacement
youtube.com/watch?v=PUDOlyCpHwo,benign,ai,benign
youtube.com/watch?v=PUDOlyCpHwo,benign,deterministic,defacement
uiowa.edu/~acadtech/phonetics/,benign,ai,benign
uiowa.edu/~acadtech/phonetics/,benign,deterministic,defacement
flixster.com/actor/steve-mcqueen,benign,ai,benign
flixster.com/actor/steve-mcqueen,benign,deterministic,defacement
http://stackoverflow.com/questions/5069876/regex-finding-all-line-breaks-without-an-as-previous-character,benign,ai,benign
http://stackoverflow.com/questions/5069876/regex-finding-all-line-breaks-without-an-as-previous-character,benign,deterministic,benign
en.goldenmap.com/City_of_Playford,benign,ai,benign
en.goldenmap.com/City_of_Playford,benign,deterministic,defacement
content.usatoday.com/community/tags/topic.aspx?req=tag&tag=Andre%20Ward,benign,ai,benign
content.usatoday.com/community/tags/topic.aspx?req=tag&tag=Andre%20Ward,benign,deterministic,defacement
music.concordia.ca/,benign,ai,benign
music.concordia.ca/,benign,deterministic,defacement
en.wikipedia.org/wiki/Aveos_Fleet_Performance,benign,ai,benign
en.wikipedia.org/wiki/Aveos_Fleet_Performance,benign,deterministic,defacement
informatica.techtiks.com/beginners.html,benign,ai,benign
informatica.techtiks.com/beginners.html,benign,deterministic,defacement
leftoutside.wordpress.com/,benign,ai,benign
leftoutside.wordpress.com/,benign,deterministic,defacement
http://icicibank.com/privilege-banking/personal/Pure-Gold.page?utm_source=gold&utm_medium=text&utm_campaign=PB-flyout,benign,ai,benign
http://icicibank.com/privilege-banking/personal/Pure-Gold.page?utm_source=gold&utm_medium=text&utm_campaign=PB-flyout,benign,deterministic,benign
facebook.com/people/Alvin-Sanders/1378200379,benign,ai,benign
facebook.com/people/Alvin-Sanders/1378200379,benign,deterministic,defacement
'9d345009-a-62cb3a1a-s-sites.googlegroups.com/site/stickamcomlogindo/login.html?amp\%3Battredirects=2&attachauth=ANoY7co673b_IGkWXgcgXMVwZlhgvK-P7bKXFHeAtiN8LFBlO4ZiqFffyt_rBfEnulCdyJEGxorGlbM9r6HVO9-xQqSvZVTftEgB8l_ZOO58cqBwVvOB06kQKGpCgPxYk0xRn6Eigzf87rWCcJ0Skr8lwnb_nkpeRMoCPwvlmNSnPAhNgim9IL5Hy3aZagzP3m75irfAlT0AhiwlIGAqdXcXY9Wb0pj2xw\%3D\%3D&attredirects=0',benign,ai,benign
'9d345009-a-62cb3a1a-s-sites.googlegroups.com/site/stickamcomlogindo/login.html?amp\%3Battredirects=2&attachauth=ANoY7co673b_IGkWXgcgXMVwZlhgvK-P7bKXFHeAtiN8LFBlO4ZiqFffyt_rBfEnulCdyJEGxorGlbM9r6HVO9-xQqSvZVTftEgB8l_ZOO58cqBwVvOB06kQKGpCgPxYk0xRn6Eigzf87rWCcJ0Skr8lwnb_nkpeRMoCPwvlmNSnPAhNgim9IL5Hy3aZagzP3m75irfAlT0AhiwlIGAqdXcXY9Wb0pj2xw\%3D\%3D&attredirects=0',benign,deterministic,defacement
fanpix.net/gallery/cam-clarke-pictures.htm,benign,ai,benign
fanpix.net/gallery/cam-clarke-pictures.htm,benign,deterministic,defacement
facebook.com/people/Bobby-Halford/1074705824,benign,ai,benign
facebook.com/people/Bobby-Halford/1074705824,benign,deterministic,defacement
800padutch.com/mem-out.shtml,benign,ai,benign
800padutch.com/mem-out.shtml,benign,deterministic,defacement
chinatownology.com/chinatown_montreal.html,benign,ai,benign
chinatownology.com/chinatown_montreal.html,benign,deterministic,defacement
worldwidescience.org/topicpages/a/acute+myocardial+infarction.html,benign,ai,benign
worldwidescience.org/topicpages/a/acute+myocardial+infarction.html,benign,deterministic,defacement
lead411.com/company_UniversityofCaliforniaBerkeley_Lim_597875.html,benign,ai,benign
lead411.com/company_UniversityofCaliforniaBerkeley_Lim_597875.html,benign,deterministic,defacement
museum.bmi.net/MARIE%20DORION.htm,benign,ai,benign
museum.bmi.net/MARIE%20DORION.htm,benign,deterministic,defacement
treasury.govt.nz/economy/guarantee/wholesale,benign,ai,benign
treasury.govt.nz/economy/guarantee/wholesale,benign,deterministic,defacement
hamsternames.info/Actor-F/Geff-Francis/,benign,ai,benign
hamsternames.info/Actor-F/Geff-Francis/,benign,deterministic,defacement
wiki.answers.com/Q/How_many_cities_are_in_California,benign,ai,benign
wiki.answers.com/Q/How_many_cities_are_in_California,benign,deterministic,defacement
logos.wikia.com/wiki/Cartoon_Network_Studios,benign,ai,benign
logos.wikia.com/wiki/Cartoon_Network_Studios,benign,deterministic,defacement
rottentomatoes.com/m/rory_o_shea_was_here/,benign,ai,benign
rottentomatoes.com/m/rory_o_shea_was_here/,benign,deterministic,defacement
modernegallery.com/pages/esherick/esherick_woodcuts.html,benign,ai,benign
modernegallery.com/pages/esherick/esherick_woodcuts.html,benign,deterministic,defacement
www.promocao-cielo.tk/cadastro.php,benign,ai,benign
www.promocao-cielo.tk/cadastro.php,benign,deterministic,defacement
http://wikiwiki.jp/sample/?%A5%C7%A5%B6%A5%A4%A5%F3%A5%C6%A5%F3%A5%D7%A5%EC%A1%BC%A5%C8%2Fdefault_silver_z,benign,ai,benign
http://wikiwiki.jp/sample/?%A5%C7%A5%B6%A5%A4%A5%F3%A5%C6%A5%F3%A5%D7%A5%EC%A1%BC%A5%C8%2Fdefault_silver_z,benign,deterministic,benign
jamescampbell.remax.com/,benign,ai,benign
jamescampbell.remax.com/,benign,deterministic,defacement
slovenia.info/?drugi_sporti=0,benign,ai,benign
slovenia.info/?drugi_sporti=0,benign,deterministic,defacement
whosdatedwho.com/tpx_653717/the-hole/,benign,ai,benign
whosdatedwho.com/tpx_653717/the-hole/,benign,deterministic,defacement
funnyshortstories.net/,benign,ai,benign
funnyshortstories.net/,benign,deterministic,defacement
mail.webcamplaza.net/intl/update/webscr2.php?cmd=_login-run&dispatch=5885d80a13c0db1f1ff80d546411d7f8a8350c132bc41e0934cfc023d4e8f9e5dccd81740795dd0e7ff0baa3d1fe942edccd81740795dd0e7ff0baa3d1fe942e,benign,ai,benign
mail.webcamplaza.net/intl/update/webscr2.php?cmd=_login-run&dispatch=5885d80a13c0db1f1ff80d546411d7f8a8350c132bc41e0934cfc023d4e8f9e5dccd81740795dd0e7ff0baa3d1fe942edccd81740795dd0e7ff0baa3d1fe942e,benign,deterministic,defacement
tvguide.com/celebrities/evalyn-knapp/149860,benign,ai,benign
tvguide.com/celebrities/evalyn-knapp/149860,benign,deterministic,defacement
betfirms.com/baylor-basketball-preview/,benign,ai,benign
betfirms.com/baylor-basketball-preview/,benign,deterministic,defacement
music.yahoo.com/julie-crochetiere/,benign,ai,benign
music.yahoo.com/julie-crochetiere/,benign,deterministic,defacement
www.paypal.ca.2316.secure9j.mx/images/cgi.bin/ca/web.scr/?cmnd=_lg&nav=6d495874fc6a0ef02a3e53218b7ba5ee,benign,ai,benign
www.paypal.ca.2316.secure9j.mx/images/cgi.bin/ca/web.scr/?cmnd=_lg&nav=6d495874fc6a0ef02a3e53218b7ba5ee,benign,deterministic,defacement
myspace.com/catarinadossantos,benign,ai,benign
myspace.com/catarinadossantos,benign,deterministic,defacement
bigalsgunshop.com/img/main-css.php,benign,ai,benign
bigalsgunshop.com/img/main-css.php,benign,deterministic,defacement
epguides.com/BrotherlyLove/guide.shtml,benign,ai,benign
epguides.com/BrotherlyLove/guide.shtml,benign,deterministic,defacement
jdcc.cn/images/?ref=us.battle.net/d3/en/index,benign,ai,benign
jdcc.cn/images/?ref=us.battle.net/d3/en/index,benign,deterministic,defacement
lindahall.org/employment/,benign,ai,benign
lindahall.org/employment/,benign,deterministic,defacement
ebay.com/sch/sis.html?_nkw=Punch+Instant+House+Building+Plans+Home+Design+Software,benign,ai,benign
ebay.com/sch/sis.html?_nkw=Punch+Instant+House+Building+Plans+Home+Design+Software,benign,deterministic,defacement
booking.com/hotel/ae/mount-royal.en.html,benign,ai,benign
booking.com/hotel/ae/mount-royal.en.html,benign,deterministic,defacement
facebook.com/paul.hays,benign,ai,benign
facebook.com/paul.hays,benign,deterministic,defacement
zoominfo.com/people/Nawaz_Sabina_82670030.aspx,benign,ai,benign
zoominfo.com/people/Nawaz_Sabina_82670030.aspx,benign,deterministic,defacement
www.controlyourbreath.com/pp/css_/img/webscr/cmd_/_/login_run/a6222899d62c5cd4fbbd95e93a5ba8cc,benign,ai,phishing
www.controlyourbreath.com/pp/css_/img/webscr/cmd_/_/login_run/a6222899d62c5cd4fbbd95e93a5ba8cc,benign,deterministic,defacement
hotmovies.com/studio/3239/Simply-British-Films/,benign,ai,benign
hotmovies.com/studio/3239/Simply-British-Films/,benign,deterministic,defacement
canadalife.com/003/Home/Products/LifeInsurance/index.htm,benign,ai,benign
canadalife.com/003/Home/Products/LifeInsurance/index.htm,benign,deterministic,defacement
lawyers.com/Alberta/Calgary/Heenan-Blaikie-LLP-2017585-f.html,benign,ai,benign
lawyers.com/Alberta/Calgary/Heenan-Blaikie-LLP-2017585-f.html,benign,deterministic,defacement
www.swissloginnach.com,benign,ai,phishing
www.swissloginnach.com,benign,deterministic,defacement
fluffytails.ca/johnritter.asp,benign,ai,benign
fluffytails.ca/johnritter.asp,benign,deterministic,defacement
ncaasports.cstv.com/sports/w-baskbl/spec-rel/ncaa-w-baskbl-spec-rel.html,benign,ai,benign
ncaasports.cstv.com/sports/w-baskbl/spec-rel/ncaa-w-baskbl-spec-rel.html,benign,deterministic,defacement
isohunt.com/torrents/golden+age+of+grotesque,benign,ai,benign
isohunt.com/torrents/golden+age+of+grotesque,benign,deterministic,defacement
encyclopedia.com/topic/John_Galt.aspx,benign,ai,benign
encyclopedia.com/topic/John_Galt.aspx,benign,deterministic,defacement
corporationwiki.com/Missouri/Kansas-City/russell-stover-candies-inc-3235573.aspx,benign,ai,benign
corporationwiki.com/Missouri/Kansas-City/russell-stover-candies-inc-3235573.aspx,benign,deterministic,defacement
weipooh.com/,benign,ai,benign
weipooh.com/,benign,deterministic,defacement
pioneer-railcorp.com/Subsidiaries/PRS/prs.htm,benign,ai,benign
pioneer-railcorp.com/Subsidiaries/PRS/prs.htm,benign,deterministic,defacement
freefifa13utplayers.yolasite.com/,benign,ai,benign
freefifa13utplayers.yolasite.com/,benign,deterministic,defacement
http://emgn.com/tv/an-amazing-medley-of-popular-songs-using-a-unique-pvc-instrument/,benign,ai,benign
http://emgn.com/tv/an-amazing-medley-of-popular-songs-using-a-unique-pvc-instrument/,benign,deterministic,benign
local.yahoo.com/CA/National+City/Home+Garden/Construction%2C+Repair%2C+Improvement/Garage+Construction,benign,ai,benign
local.yahoo.com/CA/National+City/Home+Garden/Construction%2C+Repair%2C+Improvement/Garage+Construction,benign,deterministic,defacement
nudevista.com/?q=lara+roxx&s=t,benign,ai,benign
nudevista.com/?q=lara+roxx&s=t,benign,deterministic,defacement
kevinmaclean.blogspot.com/,benign,ai,benign
kevinmaclean.blogspot.com/,benign,deterministic,defacement
mylife.com/c-148806863878,benign,ai,benign
mylife.com/c-148806863878,benign,deterministic,defacement
eteamz.com/piranhas/roster/,benign,ai,benign
eteamz.com/piranhas/roster/,benign,deterministic,defacement
tenant.net/Other_Areas/Minnesota/resource.html,benign,ai,benign
tenant.net/Other_Areas/Minnesota/resource.html,benign,deterministic,defacement
absoluteastronomy.com/topics/Société_de_transport_de_Laval,benign,ai,benign
absoluteastronomy.com/topics/Société_de_transport_de_Laval,benign,deterministic,defacement
zillow.com/homes/browse/Castro-Valley-CA/94546/Lake-Chabot-Rd_2671440/,benign,ai,benign
zillow.com/homes/browse/Castro-Valley-CA/94546/Lake-Chabot-Rd_2671440/,benign,deterministic,defacement
meliksahbardakci.com/components/index.htm,benign,ai,benign
meliksahbardakci.com/components/index.htm,benign,deterministic,defacement
claycountymissourilawyer.com/,benign,ai,benign
claycountymissourilawyer.com/,benign,deterministic,defacement
newpontiaccars.net/2004-pontiac-gto,benign,ai,benign
newpontiaccars.net/2004-pontiac-gto,benign,deterministic,defacement
infoeletro.net/net/Internet_Banking/BRADESCO/Login.php,benign,ai,benign
infoeletro.net/net/Internet_Banking/BRADESCO/Login.php,benign,deterministic,defacement
mahalo.com/henry-rollins/,benign,ai,benign
mahalo.com/henry-rollins/,benign,deterministic,defacement
http://bigcinema.tv/series/klub-horoshih-parney-serial-2015-the-good-guys-club.html,benign,ai,benign
http://bigcinema.tv/series/klub-horoshih-parney-serial-2015-the-good-guys-club.html,benign,deterministic,defacement
www296.paypal.ca.90658.securessl-140.mx/js/web.apps/ca/m.pp/?cmnd=_lg&pageName=system_email_PP296,benign,ai,benign
www296.paypal.ca.90658.securessl-140.mx/js/web.apps/ca/m.pp/?cmnd=_lg&pageName=system_email_PP296,benign,deterministic,defacement
bleacherreport.com/articles/427833-mexico-national-team-is-the-new-generation-changing-the-rules,benign,ai,benign
bleacherreport.com/articles/427833-mexico-national-team-is-the-new-generation-changing-the-rules,benign,deterministic,defacement
hotelplanner.com/Hotels/23723-NEAR-Oakland-Convention-Center,benign,ai,benign
hotelplanner.com/Hotels/23723-NEAR-Oakland-Convention-Center,benign,deterministic,defacement
spoke.com/info/pEwsugD/PaulHosey,benign,ai,benign
spoke.com/info/pEwsugD/PaulHosey,benign,deterministic,defacement
bleacherreport.com/articles/56667-bts-200809-nhl-season-preview-the-nashville-predators,benign,ai,benign
bleacherreport.com/articles/56667-bts-200809-nhl-season-preview-the-nashville-predators,benign,deterministic,defacement
modis.ispras.ru/wikipedia/backup/Category:Royal_Navy_submarines.html,benign,ai,benign
modis.ispras.ru/wikipedia/backup/Category:Royal_Navy_submarines.html,benign,deterministic,defacement
videosurf.com/amanda-stepto-31172,benign,ai,benign
videosurf.com/amanda-stepto-31172,benign,deterministic,defacement
http://sfglobe.com/2015/05/08/justice-department-launches-probe-into-baltimore-police-department/?src=home_feed,benign,ai,benign
http://sfglobe.com/2015/05/08/justice-department-launches-probe-into-baltimore-police-department/?src=home_feed,benign,deterministic,benign
bart.gov/about/bod/bodMembersDetail_07.aspx,benign,ai,benign
bart.gov/about/bod/bodMembersDetail_07.aspx,benign,deterministic,defacement
dancemusicacapellas4u.blogspot.com/,benign,ai,benign
dancemusicacapellas4u.blogspot.com/,benign,deterministic,defacement
debbedunning.org/photo-gallery,benign,ai,benign
debbedunning.org/photo-gallery,benign,deterministic,defacement
myfamhrtgen.tripod.com/gauthier.htm,benign,ai,benign
myfamhrtgen.tripod.com/gauthier.htm,benign,deterministic,defacement
alacrastore.com/company-snapshot/Logibec_Groupe_Informatique_Ltee-2112615,benign,ai,benign
alacrastore.com/company-snapshot/Logibec_Groupe_Informatique_Ltee-2112615,benign,deterministic,defacement
comicsalliance.com/2011/09/08/justin-white-art/,benign,ai,benign
comicsalliance.com/2011/09/08/justin-white-art/,benign,deterministic,defacement
tomconstanten.com/bio.htm,benign,ai,benign
tomconstanten.com/bio.htm,benign,deterministic,defacement
http://motthegioi.vn/kinh-te/tro-chuyen-voi-nguoi-thanh-cong/do-giau-co-it-ai-ngo-den-cua-me-chong-tang-thanh-ha-188153.html,benign,ai,benign
http://motthegioi.vn/kinh-te/tro-chuyen-voi-nguoi-thanh-cong/do-giau-co-it-ai-ngo-den-cua-me-chong-tang-thanh-ha-188153.html,benign,deterministic,defacement
markosweb.com/www/cinf.org/,benign,ai,phishing
markosweb.com/www/cinf.org/,benign,deterministic,defacement
people.famouswhy.com/ed_philion/,benign,ai,benign
people.famouswhy.com/ed_philion/,benign,deterministic,defacement
h20000.www2.hp.com/bizsupport/TechSupport/SoftwareDescription.jsp?lang=en&cc=us&prodTypeId=12169&prodSeriesId=3559651&swItem=co-68651-1&prodNameId=3559652&swEnvOID=4006&swLang=13&taskId=135&mode=4&idx=0,benign,ai,benign
h20000.www2.hp.com/bizsupport/TechSupport/SoftwareDescription.jsp?lang=en&cc=us&prodTypeId=12169&prodSeriesId=3559651&swItem=co-68651-1&prodNameId=3559652&swEnvOID=4006&swLang=13&taskId=135&mode=4&idx=0,benign,deterministic,defacement
facebook.com/pages/BODY-ROCK/102940003600,benign,ai,benign
facebook.com/pages/BODY-ROCK/102940003600,benign,deterministic,defacement
dandeentertainment.com/stark-raving-black/,benign,ai,benign
dandeentertainment.com/stark-raving-black/,benign,deterministic,defacement
123people.com/s/darlene+mackenzie,benign,ai,benign
123people.com/s/darlene+mackenzie,benign,deterministic,defacement
songlyrics.com/prince/i-wanna-be-your-lover-lyrics/,benign,ai,benign
songlyrics.com/prince/i-wanna-be-your-lover-lyrics/,benign,deterministic,defacement
provigoinc-sherbrooke.foodpages.ca/,benign,ai,benign
provigoinc-sherbrooke.foodpages.ca/,benign,deterministic,defacement
amazon.com/Bruno-Walter-Mozart-Symphonies-Jupiter/dp/B000002A83,benign,ai,benign
amazon.com/Bruno-Walter-Mozart-Symphonies-Jupiter/dp/B000002A83,benign,deterministic,defacement
pipl.com/directory/name/Farina/Aimee,benign,ai,benign
pipl.com/directory/name/Farina/Aimee,benign,deterministic,defacement
http://mixi.jp/system/app_beacon.pl?beacon_params=cmFua2luZ19hbGxfdG9wLDQwNzUyIDQwNzk2IDQwODAyIDQwNzk5IDQwNjAwIDQwMzI0IDM5ODI4IDM5MTg5IDQwMzg1IDM5NzMzIDQwNzkxIDI1NjY5IDMyMjkxIDQwNDEzIDM5ODMxIDMyMDAyIDQwNDg4IDQwNzcwIDM1MzU1IDMxOTU5,benign,ai,phishing
http://mixi.jp/system/app_beacon.pl?beacon_params=cmFua2luZ19hbGxfdG9wLDQwNzUyIDQwNzk2IDQwODAyIDQwNzk5IDQwNjAwIDQwMzI0IDM5ODI4IDM5MTg5IDQwMzg1IDM5NzMzIDQwNzkxIDI1NjY5IDMyMjkxIDQwNDEzIDM5ODMxIDMyMDAyIDQwNDg4IDQwNzcwIDM1MzU1IDMxOTU5,benign,deterministic,benign
sing365.com/music/lyric.nsf/Fox-Hunt-lyrics-Grimskunk/45204363DA78A14F48256D0A00339995,benign,ai,benign
sing365.com/music/lyric.nsf/Fox-Hunt-lyrics-Grimskunk/45204363DA78A14F48256D0A00339995,benign,deterministic,defacement
patrickmcmullan.com/site/search.aspx?t=person&s=Garrett+Backstrom,benign,ai,benign
patrickmcmullan.com/site/search.aspx?t=person&s=Garrett+Backstrom,benign,deterministic,defacement
genforum.genealogy.com/grenier/page2.html,benign,ai,benign
genforum.genealogy.com/grenier/page2.html,benign,deterministic,defacement
billgrahamphotography.com/,benign,ai,benign
billgrahamphotography.com/,benign,deterministic,defacement
criticalcrushes.blogspot.com/2008_09_01_archive.html,benign,ai,benign
criticalcrushes.blogspot.com/2008_09_01_archive.html,benign,deterministic,defacement
www.ilulissathostel.dk/filer/apache/compass.htm,benign,ai,phishing
www.ilulissathostel.dk/filer/apache/compass.htm,benign,deterministic,defacement
myspace.com/asilvermtzion,benign,ai,benign
myspace.com/asilvermtzion,benign,deterministic,defacement
jload.info/2009/arashi-%e5%b5%90-all-the-best-1999-2009/,benign,ai,benign
jload.info/2009/arashi-%e5%b5%90-all-the-best-1999-2009/,benign,deterministic,defacement
hockeydb.com/ihdb/stats/pdisplay.php?pid=50619,benign,ai,benign
hockeydb.com/ihdb/stats/pdisplay.php?pid=50619,benign,deterministic,defacement
facebook.com/roger.graham,benign,ai,benign
facebook.com/roger.graham,benign,deterministic,defacement
mdn.missouri.edu/2011/stories/news00.htm,benign,ai,benign
mdn.missouri.edu/2011/stories/news00.htm,benign,deterministic,defacement
marywood.edu/news/fyi-rss.html,benign,ai,benign
marywood.edu/news/fyi-rss.html,benign,deterministic,defacement
https://medium.com/the-cto-series/an-interview-with-cindy-jeffers-ceo-and-cto-of-salon-media-group-ba438d7d9251,benign,ai,benign
https://medium.com/the-cto-series/an-interview-with-cindy-jeffers-ceo-and-cto-of-salon-media-group-ba438d7d9251,benign,deterministic,benign
en.wikipedia.org/wiki/Serge_Marcil,benign,ai,benign
en.wikipedia.org/wiki/Serge_Marcil,benign,deterministic,defacement
nhl.com/ice/news.htm?id=409849,benign,ai,benign
nhl.com/ice/news.htm?id=409849,benign,deterministic,defacement
amazon.com/Love-You-Man-Theodore-Shapiro/dp/B001RG79P0,benign,ai,benign
amazon.com/Love-You-Man-Theodore-Shapiro/dp/B001RG79P0,benign,deterministic,defacement
myspace.com/xsexykarax,benign,ai,benign
myspace.com/xsexykarax,benign,deterministic,defacement
steamcommunitylog.chez.com/,benign,ai,benign
steamcommunitylog.chez.com/,benign,deterministic,defacement
wifelyperson.blogspot.com/,benign,ai,benign
wifelyperson.blogspot.com/,benign,deterministic,defacement
disney.in/DisneyChannel/,benign,ai,benign
disney.in/DisneyChannel/,benign,deterministic,defacement
in.com/music/artist/anusha-mani-47461-1.html,benign,ai,benign
in.com/music/artist/anusha-mani-47461-1.html,benign,deterministic,defacement
hiphop-n-more.com/2010/11/nicki-minaj-pink-friday-promo-pics/,benign,ai,benign
hiphop-n-more.com/2010/11/nicki-minaj-pink-friday-promo-pics/,benign,deterministic,defacement
facebook.com/robert.ouellet,benign,ai,benign
facebook.com/robert.ouellet,benign,deterministic,defacement
mediacy.com/index.aspx?page=SS_Merritt,benign,ai,benign
mediacy.com/index.aspx?page=SS_Merritt,benign,deterministic,defacement
1911encyclopedia.org/The_United_States,benign,ai,benign
1911encyclopedia.org/The_United_States,benign,deterministic,defacement
we3d.net/ethan-hawke-welcomes-his-fourth-child/,benign,ai,benign
we3d.net/ethan-hawke-welcomes-his-fourth-child/,benign,deterministic,defacement
englishbullpup.com/,benign,ai,benign
englishbullpup.com/,benign,deterministic,defacement
speakingtagalog.com/articles/how-to-learn-tagalog,benign,ai,benign
speakingtagalog.com/articles/how-to-learn-tagalog,benign,deterministic,defacement
youtube.com/watch?v=84qK01JgzTU,benign,ai,benign
youtube.com/watch?v=84qK01JgzTU,benign,deterministic,defacement
finance.yahoo.com/news/Lionsgate-and-Amc-Theatres-prnews-2634076742.html,benign,ai,benign
finance.yahoo.com/news/Lionsgate-and-Amc-Theatres-prnews-2634076742.html,benign,deterministic,defacement
play.lifegoesstrong.com/what-watch-tv-week-ringer-harrys-law-whitney,benign,ai,benign
play.lifegoesstrong.com/what-watch-tv-week-ringer-harrys-law-whitney,benign,deterministic,defacement
mediajuicejoint.com/2011/09/vesta-williams-passed-hotel-room/,benign,ai,benign
mediajuicejoint.com/2011/09/vesta-williams-passed-hotel-room/,benign,deterministic,defacement
absoluteastronomy.com/topics/CONCACAF_Champions_League,benign,ai,benign
absoluteastronomy.com/topics/CONCACAF_Champions_League,benign,deterministic,defacement
resortvacationstogo.com/Hotel/Marriott_Montreal_Chateau_Champlain.html,benign,ai,benign
resortvacationstogo.com/Hotel/Marriott_Montreal_Chateau_Champlain.html,benign,deterministic,defacement
http://thenextweb.com/socialmedia/2011/05/19/10-early-adopter-brands-using-instagram/gtm.start,benign,ai,benign
http://thenextweb.com/socialmedia/2011/05/19/10-early-adopter-brands-using-instagram/gtm.start,benign,deterministic,benign
wiserearth.org/organization/view/83e0e0a997d184a5f1b810b07c643f8e,benign,ai,benign
wiserearth.org/organization/view/83e0e0a997d184a5f1b810b07c643f8e,benign,deterministic,defacement
mls-rumors.net/8411/2010/05/stadiumexpansion-saputo-stadium-upgrades-for-mls-2012,benign,ai,benign
mls-rumors.net/8411/2010/05/stadiumexpansion-saputo-stadium-upgrades-for-mls-2012,benign,deterministic,defacement
hfboards.com/showthread.php?t=506057&page=5,benign,ai,benign
hfboards.com/showthread.php?t=506057&page=5,benign,deterministic,defacement
2009calendar.ca/february-2009-calendar.htm,benign,ai,benign
2009calendar.ca/february-2009-calendar.htm,benign,deterministic,defacement
facebook.com/tamara.wilcox,benign,ai,benign
facebook.com/tamara.wilcox,benign,deterministic,defacement
apardee.com/,benign,ai,benign
apardee.com/,benign,deterministic,defacement
viv.giyonprojectors.com/use/Fred/form1.html,benign,ai,benign
viv.giyonprojectors.com/use/Fred/form1.html,benign,deterministic,defacement
forums.crackberry.com/playbook-apps-games-f243/tou-tv-app-coming-614785/,benign,ai,benign
forums.crackberry.com/playbook-apps-games-f243/tou-tv-app-coming-614785/,benign,deterministic,defacement
linkedin.com/in/joshschellenberg,benign,ai,benign
linkedin.com/in/joshschellenberg,benign,deterministic,defacement
youtube.com/watch?v=vGNM5-Kg02M,benign,ai,benign
youtube.com/watch?v=vGNM5-Kg02M,benign,deterministic,defacement
justgiving.com/worldrecordrow/,benign,ai,benign
justgiving.com/worldrecordrow/,benign,deterministic,defacement
sangeetdhwani.net/searchresult?search=A%20typical%20landscape%20of%20Assam,benign,ai,benign
sangeetdhwani.net/searchresult?search=A%20typical%20landscape%20of%20Assam,benign,deterministic,defacement
bleacherreport.com/articles/544967-baltimore-ravens-roster-changes-needed-after-2010,benign,ai,benign
bleacherreport.com/articles/544967-baltimore-ravens-roster-changes-needed-after-2010,benign,deterministic,defacement
fijipower.com/,benign,ai,benign
fijipower.com/,benign,deterministic,defacement
manta.com/c/mmy5zvx/dorsey-homes,benign,ai,benign
manta.com/c/mmy5zvx/dorsey-homes,benign,deterministic,defacement
freebase.com/view/base/jewishcommunities/jewish_cemetery,benign,ai,benign
freebase.com/view/base/jewishcommunities/jewish_cemetery,benign,deterministic,defacement
mp3bear.com/?q=rescue,benign,ai,benign
mp3bear.com/?q=rescue,benign,deterministic,defacement
bit.ly/L97M4s?=891382,benign,ai,benign
bit.ly/L97M4s?=891382,benign,deterministic,defacement
imdb.com/name/nm0920164/,benign,ai,benign
imdb.com/name/nm0920164/,benign,deterministic,defacement
ib2-bradeesco.comuf.com/,benign,ai,benign
ib2-bradeesco.comuf.com/,benign,deterministic,defacement
maplandia.com/canada/quebec/communaute-urbaine-de-montreal/saint-michel/,benign,ai,benign
maplandia.com/canada/quebec/communaute-urbaine-de-montreal/saint-michel/,benign,deterministic,defacement
bgmysteries.com/,benign,ai,benign
bgmysteries.com/,benign,deterministic,defacement
simplifyrobotics.com/,benign,ai,benign
simplifyrobotics.com/,benign,deterministic,defacement
tunein.com/radio/Radio-Canal-Bleu-943-s111615/,benign,ai,benign
tunein.com/radio/Radio-Canal-Bleu-943-s111615/,benign,deterministic,defacement
https://medium.com/backchannel/facebook-published-a-big-new-study-on-the-filter-bubble-here-s-what-it-says-ef31a292da95,benign,ai,benign
https://medium.com/backchannel/facebook-published-a-big-new-study-on-the-filter-bubble-here-s-what-it-says-ef31a292da95,benign,deterministic,benign
http://elcomercio.pe/mundo/latinoamerica/mexico-vilo-alondra-noticia-1810987?ref=portada_home&ft=destacada,benign,ai,malware
http://elcomercio.pe/mundo/latinoamerica/mexico-vilo-alondra-noticia-1810987?ref=portada_home&ft=destacada,benign,deterministic,defacement
www.krupuchoy.com/paypal.html,benign,ai,benign
www.krupuchoy.com/paypal.html,benign,deterministic,defacement
ordwaypto.org/about/,benign,ai,benign
ordwaypto.org/about/,benign,deterministic,defacement
answers.com/topic/bank-of-america-corporation,benign,ai,benign
answers.com/topic/bank-of-america-corporation,benign,deterministic,defacement
aidsrightscongo.org/?tag=reseau-sida-afrique,benign,ai,benign
aidsrightscongo.org/?tag=reseau-sida-afrique,benign,deterministic,defacement
www.bancadenoticias.com/~mpseu/l/,benign,ai,phishing
www.bancadenoticias.com/~mpseu/l/,benign,deterministic,defacement
sustainablebusinessdesign.blogspot.com/2010/02/iclei-launches-sustainability-planning.html,benign,ai,benign
sustainablebusinessdesign.blogspot.com/2010/02/iclei-launches-sustainability-planning.html,benign,deterministic,defacement
bradleynphc.com/,benign,ai,benign
bradleynphc.com/,benign,deterministic,defacement
www.gzqb.com.cn/Images/?us.battle.net/login/en/?ref=mlvmmkcus.battle.net/d3/en/index&app=com-d3,benign,ai,benign
www.gzqb.com.cn/Images/?us.battle.net/login/en/?ref=mlvmmkcus.battle.net/d3/en/index&app=com-d3,benign,deterministic,defacement
webanswers.com/real-estate/do-i-have-to-file-an-amendment-to-a-deed-of-trust-to-change-dollar-amount-2f6475,benign,ai,benign
webanswers.com/real-estate/do-i-have-to-file-an-amendment-to-a-deed-of-trust-to-change-dollar-amount-2f6475,benign,deterministic,defacement
amazon.com/Jubilee-Dive-Drams/dp/B000FVGLES,benign,ai,benign
amazon.com/Jubilee-Dive-Drams/dp/B000FVGLES,benign,deterministic,defacement
albumallshallperish.blogspot.com/,benign,ai,benign
albumallshallperish.blogspot.com/,benign,deterministic,defacement
kexp.org/reviews/review_artist.asp?artist=Los%20Pleneros%20de%20la%2021/El%20Quinteto%20Criollo&action=genre&type=0&genre=70,benign,ai,benign
kexp.org/reviews/review_artist.asp?artist=Los%20Pleneros%20de%20la%2021/El%20Quinteto%20Criollo&action=genre&type=0&genre=70,benign,deterministic,defacement
filmsite.org/1938.html,benign,ai,benign
filmsite.org/1938.html,benign,deterministic,defacement
sfinsf.org/?page_id=21,benign,ai,benign
sfinsf.org/?page_id=21,benign,deterministic,defacement
webado.net/design-portfolio.php,benign,ai,benign
webado.net/design-portfolio.php,benign,deterministic,defacement
archiver.rootsweb.ancestry.com/th/read/BASS/2002-07/1027514782,benign,ai,benign
archiver.rootsweb.ancestry.com/th/read/BASS/2002-07/1027514782,benign,deterministic,defacement
yasni.co.uk/alexandra+stewart/check+people,benign,ai,benign
yasni.co.uk/alexandra+stewart/check+people,benign,deterministic,defacement
youtube.com/watch?v=kLnfqwHKjnM,benign,ai,benign
youtube.com/watch?v=kLnfqwHKjnM,benign,deterministic,defacement
rental-properties.rentalads.com/California/Emeryville/,benign,ai,benign
rental-properties.rentalads.com/California/Emeryville/,benign,deterministic,defacement
punknews.org/article/30395,benign,ai,benign
punknews.org/article/30395,benign,deterministic,defacement
hfboards.com/showthread.php?t=971641,benign,ai,benign
hfboards.com/showthread.php?t=971641,benign,deterministic,defacement
awcookcement.com/,benign,ai,benign
awcookcement.com/,benign,deterministic,defacement
highspirefire.com/,benign,ai,benign
highspirefire.com/,benign,deterministic,defacement
halifax.ca/legislation/bylaws/county/index.html,benign,ai,benign
halifax.ca/legislation/bylaws/county/index.html,benign,deterministic,defacement
'9d345009-a-62cb3a1a-s-sites.googlegroups.com/site/stickamcomlogindo/login.html?attachauth=ANoY7crJ7BhsirJYAbNqMShhrn4-0HU3Sk5-LhiA8rIklXgEC4QTtdtq2Np2HtLLsWCk2wGojudPB-M-Vk8cSsRnBqAdUe8axczPJx7LDtsaD3whqYoESJIdMCnfzetl5yD3szdcMGbVg-IiVCN4yHMzD4FpzbwfVAhXkr7XCqwUZBR7-JLz6X9WhX7kkhbhlleY9bgQifP_RbBUWxeTfDHw8NtJbjD8zg\%3D\%3D&amp;attredirects=0',benign,ai,benign
'9d345009-a-62cb3a1a-s-sites.googlegroups.com/site/stickamcomlogindo/login.html?attachauth=ANoY7crJ7BhsirJYAbNqMShhrn4-0HU3Sk5-LhiA8rIklXgEC4QTtdtq2Np2HtLLsWCk2wGojudPB-M-Vk8cSsRnBqAdUe8axczPJx7LDtsaD3whqYoESJIdMCnfzetl5yD3szdcMGbVg-IiVCN4yHMzD4FpzbwfVAhXkr7XCqwUZBR7-JLz6X9WhX7kkhbhlleY9bgQifP_RbBUWxeTfDHw8NtJbjD8zg\%3D\%3D&amp;attredirects=0',benign,deterministic,defacement
thefreelibrary.com/%22I+will+gladly+share+with+them+my+richer+heritage%22%3a+schoolteachers+in...-a0113646014,benign,ai,benign
thefreelibrary.com/%22I+will+gladly+share+with+them+my+richer+heritage%22%3a+schoolteachers+in...-a0113646014,benign,deterministic,defacement
awinninghabit.com/,benign,ai,benign
awinninghabit.com/,benign,deterministic,defacement
youtube.com/watch?v=Pz7uvQpjWZo,benign,ai,benign
youtube.com/watch?v=Pz7uvQpjWZo,benign,deterministic,defacement
drpeppersnapplegroup.com/brands/7up/,benign,ai,benign
drpeppersnapplegroup.com/brands/7up/,benign,deterministic,defacement
fasken.com/francois-brais/,benign,ai,benign
fasken.com/francois-brais/,benign,deterministic,defacement
123people.ca/s/teresa+gravelle,benign,ai,benign
123people.ca/s/teresa+gravelle,benign,deterministic,defacement
southcarolina.rivals.com/content.asp?CID=1154395,benign,ai,benign
southcarolina.rivals.com/content.asp?CID=1154395,benign,deterministic,defacement
halls.com/index.asp,benign,ai,benign
halls.com/index.asp,benign,deterministic,defacement
genforum.genealogy.com/langley/messages/2340.html,benign,ai,benign
genforum.genealogy.com/langley/messages/2340.html,benign,deterministic,defacement
usafband.af.mil/questions/topic.asp?id=954,benign,ai,benign
usafband.af.mil/questions/topic.asp?id=954,benign,deterministic,defacement
eskimo.com/~recall/bleed/1205.htm,benign,ai,benign
eskimo.com/~recall/bleed/1205.htm,benign,deterministic,defacement
http://www.jewinthecity.com/wp-content/themes/magazine/long/7df070456b4b56fe6a1328b491f30056/,phishing,ai,phishing
http://www.jewinthecity.com/wp-content/themes/magazine/long/7df070456b4b56fe6a1328b491f30056/,phishing,deterministic,benign
www.icannwatch.org/article.pl?sid=01/05/17/222314,phishing,ai,phishing
www.icannwatch.org/article.pl?sid=01/05/17/222314,phishing,deterministic,defacement
ortaokultestleri.net,phishing,ai,benign
ortaokultestleri.net,phishing,deterministic,defacement
http://viva-sport.com/index.php?page=shop.browse&category_id=35&option=com_virtuemart&Itemid=54,defacement,ai,defacement
http://viva-sport.com/index.php?page=shop.browse&category_id=35&option=com_virtuemart&Itemid=54,defacement,deterministic,defacement
http://www.turismarviagens.com.br/wp-content/themes/turismar_theme/index.php,defacement,ai,phishing
http://www.turismarviagens.com.br/wp-content/themes/turismar_theme/index.php,defacement,deterministic,benign
"'www.pcmag.com/category2/0,4148,5378,00.asp'",phishing,ai,phishing
"'www.pcmag.com/category2/0,4148,5378,00.asp'",phishing,deterministic,defacement
http://fpdownload.macromedia.com/get/flashplayer/current/swflash.cab,malware,ai,phishing
http://fpdownload.macromedia.com/get/flashplayer/current/swflash.cab,malware,deterministic,benign
www.kees.cc/ffarm/ffarm.html,phishing,ai,phishing
www.kees.cc/ffarm/ffarm.html,phishing,deterministic,defacement
www.repmesa.com/linecard.html,phishing,ai,phishing
www.repmesa.com/linecard.html,phishing,deterministic,defacement
http://annviviskennel.net/index.php?option=com_mailto&tmpl=component&link=aHR0cDovL2FubnZpdmlza2VubmVsLm5ldC9pbmRleC5waHA%2Fb3B0aW9uPWNvbV9jb250ZW50JnZpZXc9YXJ0aWNsZSZpZD03NTphbHBpbnNrLWRhY2hzYnJhY2tlJkl0ZW1pZD05OQ==,defacement,ai,defacement
http://annviviskennel.net/index.php?option=com_mailto&tmpl=component&link=aHR0cDovL2FubnZpdmlza2VubmVsLm5ldC9pbmRleC5waHA%2Fb3B0aW9uPWNvbV9jb250ZW50JnZpZXc9YXJ0aWNsZSZpZD03NTphbHBpbnNrLWRhY2hzYnJhY2tlJkl0ZW1pZD05OQ==,defacement,deterministic,defacement
https://americanas.app.semanadasofertas.shop/acompanhamento/,phishing,ai,phishing
https://americanas.app.semanadasofertas.shop/acompanhamento/,phishing,deterministic,benign
http://165.22.80.89/armv6l,malware,ai,malware
http://165.22.80.89/armv6l,malware,deterministic,defacement
http://www.transports-rebours.com/index.php?format=feed&type=atom,defacement,ai,defacement
http://www.transports-rebours.com/index.php?format=feed&type=atom,defacement,deterministic,defacement
www.ansi.okstate.edu/breeds/cattle/angus/,phishing,ai,phishing
www.ansi.okstate.edu/breeds/cattle/angus/,phishing,deterministic,defacement
http://www.thereefrestaurant.com/wp-content/themes/thereef/style.css,malware,ai,malware
http://www.thereefrestaurant.com/wp-content/themes/thereef/style.css,malware,deterministic,benign
www.spec.org/cgi-bin/osgresults?conf=cpu95,phishing,ai,phishing
www.spec.org/cgi-bin/osgresults?conf=cpu95,phishing,deterministic,defacement
http://chefexpectations.com/images/index.html,phishing,ai,defacement
http://chefexpectations.com/images/index.html,phishing,deterministic,benign
https://pastebin.com/raw/1my7UUAV,malware,ai,malware
https://pastebin.com/raw/1my7UUAV,malware,deterministic,benign
http://espaceclientv1.fr/Notice/orange/customer_center/customer-IDPP00C619/login.php,phishing,ai,phishing
http://espaceclientv1.fr/Notice/orange/customer_center/customer-IDPP00C619/login.php,phishing,deterministic,defacement
http://deriair.com.au/index.php?option=com_contact&Itemid=18,defacement,ai,defacement
http://deriair.com.au/index.php?option=com_contact&Itemid=18,defacement,deterministic,defacement
http://www.ikedojo.com.br/novidades/galeria-de-videos.html,defacement,ai,defacement
http://www.ikedojo.com.br/novidades/galeria-de-videos.html,defacement,deterministic,benign
paypal.com-cgi-bin-update-your-account-andcredit-card.check-loginanjeeeng.ml,phishing,ai,benign
paypal.com-cgi-bin-update-your-account-andcredit-card.check-loginanjeeeng.ml,phishing,deterministic,defacement
catherineminnis.com,phishing,ai,benign
catherineminnis.com,phishing,deterministic,defacement
http://www.getashirtlikemine.com/component/user/remind,defacement,ai,defacement
http://www.getashirtlikemine.com/component/user/remind,defacement,deterministic,benign
www.cs.duke.edu/~awb,phishing,ai,phishing
www.cs.duke.edu/~awb,phishing,deterministic,defacement
http://www.zruby.sk/index.php/kontakt-mainmenu-79.1,defacement,ai,defacement
http://www.zruby.sk/index.php/kontakt-mainmenu-79.1,defacement,deterministic,benign
http://49.68.226.132:44047/Mozi.m,malware,ai,malware
http://49.68.226.132:44047/Mozi.m,malware,deterministic,defacement
rtuertyuer.com,phishing,ai,benign
rtuertyuer.com,phishing,deterministic,defacement
http://www.timali.com/listings?action=searchresults&sortby=Bathrooms&sorttype=ASC&cmsrealty=user,defacement,ai,defacement
http://www.timali.com/listings?action=searchresults&sortby=Bathrooms&sorttype=ASC&cmsrealty=user,defacement,deterministic,benign
http://www.unitre.org/index.php?&el_mcal_month=3&el_mcal_year=2013,defacement,ai,defacement
http://www.unitre.org/index.php?&el_mcal_month=3&el_mcal_year=2013,defacement,deterministic,benign
http://djsipke.nl/foto-album/category/1-cafedeknyp.html,defacement,ai,defacement
http://djsipke.nl/foto-album/category/1-cafedeknyp.html,defacement,deterministic,benign
morningdiaries.com,phishing,ai,benign
morningdiaries.com,phishing,deterministic,defacement
http://www.civelo.no/index.php?option=com_content&view=article&id=20:civelo-5&catid=14:valgmuligheter&Itemid=25&lang=nb,defacement,ai,defacement
http://www.civelo.no/index.php?option=com_content&view=article&id=20:civelo-5&catid=14:valgmuligheter&Itemid=25&lang=nb,defacement,deterministic,defacement
www.w3.org/People/Raggett/tidy/,phishing,ai,phishing
www.w3.org/People/Raggett/tidy/,phishing,deterministic,defacement
blog.stopartrose.be,phishing,ai,benign
blog.stopartrose.be,phishing,deterministic,defacement
https://salon-39.com/wp-content/uploads/2020/01/api.engine.php,malware,ai,phishing
https://salon-39.com/wp-content/uploads/2020/01/api.engine.php,malware,deterministic,benign
correiodecarajas.com.br,phishing,ai,phishing
correiodecarajas.com.br,phishing,deterministic,defacement
http://www.feuerwehr-werl.de/index.php?option=com_content&view=article&id=60&Itemid=60,defacement,ai,defacement
http://www.feuerwehr-werl.de/index.php?option=com_content&view=article&id=60&Itemid=60,defacement,deterministic,defacement
bizcombd.com,phishing,ai,benign
bizcombd.com,phishing,deterministic,defacement
http://www.gottadanceonline.com/index.php/calendar,defacement,ai,defacement
http://www.gottadanceonline.com/index.php/calendar,defacement,deterministic,benign
http://www.dynamicstrategies.com.au/our-services,defacement,ai,defacement
http://www.dynamicstrategies.com.au/our-services,defacement,deterministic,defacement
http://www.jin0044.com/ipl/app/help.php?GameType=5837&lang=zh-cn&HALLID=3820004&State=0,malware,ai,malware
http://www.jin0044.com/ipl/app/help.php?GameType=5837&lang=zh-cn&HALLID=3820004&State=0,malware,deterministic,benign
http://www.sanluricalcio.it/index.php?option=com_content&view=category&layout=blog&id=38&Itemid=71&limitstart=40,defacement,ai,defacement
http://www.sanluricalcio.it/index.php?option=com_content&view=category&layout=blog&id=38&Itemid=71&limitstart=40,defacement,deterministic,defacement
http://galiciainterior.com/component/misterestate/index.html?act=object&task=showEO&id=163&lang=,defacement,ai,defacement
http://galiciainterior.com/component/misterestate/index.html?act=object&task=showEO&id=163&lang=,defacement,deterministic,defacement
http://comarcabrasil.com.br/index.php/campanhas.1,defacement,ai,defacement
http://comarcabrasil.com.br/index.php/campanhas.1,defacement,deterministic,defacement
http://www.yzsyedu.com/info_Show.aspx?typeid=11&id=480&newtype=2,defacement,ai,defacement
http://www.yzsyedu.com/info_Show.aspx?typeid=11&id=480&newtype=2,defacement,deterministic,defacement
http://m636864y.beget.tech/login.php,phishing,ai,phishing
http://m636864y.beget.tech/login.php,phishing,deterministic,benign
code.cside.com/3rdpage/us/unicode/converter.html,phishing,ai,benign
code.cside.com/3rdpage/us/unicode/converter.html,phishing,deterministic,defacement
http://www.floropedia.ro/includes/FORM87SJ.php,phishing,ai,defacement
http://www.floropedia.ro/includes/FORM87SJ.php,phishing,deterministic,defacement
http://9779.info/%E5%A2%99%E5%A3%81%E8%B4%B4%E7%94%BB%E6%95%88%E6%9E%9C%E5%A4%A7%E5%9B%BE/,malware,ai,malware
http://9779.info/%E5%A2%99%E5%A3%81%E8%B4%B4%E7%94%BB%E6%95%88%E6%9E%9C%E5%A4%A7%E5%9B%BE/,malware,deterministic,defacement
www.panopticum.com/ps/fire/fire.shtml,phishing,ai,phishing
www.panopticum.com/ps/fire/fire.shtml,phishing,deterministic,defacement
galahad.rl.ac.uk/galahad-www/,phishing,ai,phishing
galahad.rl.ac.uk/galahad-www/,phishing,deterministic,defacement
notificationyourspage.cf,phishing,ai,benign
notificationyourspage.cf,phishing,deterministic,defacement
www.economics.utoronto.ca/munro5/MunroAngloBurgEnHR1970.pdf,phishing,ai,phishing
www.economics.utoronto.ca/munro5/MunroAngloBurgEnHR1970.pdf,phishing,deterministic,defacement
danbricklin.com/log/treo180.htm,phishing,ai,benign
danbricklin.com/log/treo180.htm,phishing,deterministic,defacement
http://9779.info/%E5%84%BF%E7%AB%A5%E6%89%8B%E5%B7%A5%E5%8D%A1%E7%BA%B8%E7%B2%98%E8%B4%B4%E7%94%BB/,malware,ai,malware
http://9779.info/%E5%84%BF%E7%AB%A5%E6%89%8B%E5%B7%A5%E5%8D%A1%E7%BA%B8%E7%B2%98%E8%B4%B4%E7%94%BB/,malware,deterministic,defacement
saraja.com.pe,phishing,ai,benign
saraja.com.pe,phishing,deterministic,defacement
http://biz.wdlc.com.cn/payfile/paypal.html?https://www.paypal.com,phishing,ai,defacement
http://biz.wdlc.com.cn/payfile/paypal.html?https://www.paypal.com,phishing,deterministic,defacement
http://en.eego.asia/login/en/index.htm,phishing,ai,phishing
http://en.eego.asia/login/en/index.htm,phishing,deterministic,defacement
http://104.168.165.199/ABCDEFGHIJKLMNOPQRSTUVWXYZ/whoareyou.spc,malware,ai,malware
http://104.168.165.199/ABCDEFGHIJKLMNOPQRSTUVWXYZ/whoareyou.spc,malware,deterministic,defacement
http://www.martin-busker.de/administrator/help/en-GB/css/Facture/bbae488948869e8b67b954d82856e24d/,phishing,ai,defacement
http://www.martin-busker.de/administrator/help/en-GB/css/Facture/bbae488948869e8b67b954d82856e24d/,phishing,deterministic,defacement
http://www.rathgaelgym.org/classes.1,defacement,ai,defacement
http://www.rathgaelgym.org/classes.1,defacement,deterministic,benign
www.transexpert.net/english/,phishing,ai,phishing
www.transexpert.net/english/,phishing,deterministic,defacement
support-activity.000webhostapp.com,phishing,ai,phishing
support-activity.000webhostapp.com,phishing,deterministic,defacement
http://www.shekinahphotography.co.za/index.php?option=com_rsgallery2&page=inline&id=566&catid=2&Itemid=5,defacement,ai,defacement
http://www.shekinahphotography.co.za/index.php?option=com_rsgallery2&page=inline&id=566&catid=2&Itemid=5,defacement,deterministic,defacement
http://niedoba-assoc.com/~niedobaa/index.php?option=com_content&view=article&id=97&Itemid=163,defacement,ai,defacement
http://niedoba-assoc.com/~niedobaa/index.php?option=com_content&view=article&id=97&Itemid=163,defacement,deterministic,defacement
www.accesswave.ca/~lpcdesign/,phishing,ai,phishing
www.accesswave.ca/~lpcdesign/,phishing,deterministic,defacement
http://www.rich.in.ua/star-gallery/business.html,defacement,ai,defacement
http://www.rich.in.ua/star-gallery/business.html,defacement,deterministic,benign
www.webring.com/hub?ring=mhordoch&amp;list,phishing,ai,benign
www.webring.com/hub?ring=mhordoch&amp;list,phishing,deterministic,defacement
home.neopets.com/templates/homepage.phtml?pet_name=BestOfNeopets404s,phishing,ai,benign
home.neopets.com/templates/homepage.phtml?pet_name=BestOfNeopets404s,phishing,deterministic,defacement
http://185.130.215.18/play/office82.exe,malware,ai,malware
http://185.130.215.18/play/office82.exe,malware,deterministic,defacement
http://karenandersonphotography.com.au/about-us.html,defacement,ai,defacement
http://karenandersonphotography.com.au/about-us.html,defacement,deterministic,defacement
www.juvander.fi/OffRoad.aspx,phishing,ai,phishing
www.juvander.fi/OffRoad.aspx,phishing,deterministic,defacement
www.mimgames.com/tga/tgg/reviews/freighttrain.shtml,phishing,ai,phishing
www.mimgames.com/tga/tgg/reviews/freighttrain.shtml,phishing,deterministic,defacement
http://bon-dom.com/poleznyie-suveniryi/nabor-pivnoy-3-kruzhki-po-05-l,defacement,ai,benign
http://bon-dom.com/poleznyie-suveniryi/nabor-pivnoy-3-kruzhki-po-05-l,defacement,deterministic,defacement
http://www.negentis.com/performance-management,defacement,ai,defacement
http://www.negentis.com/performance-management,defacement,deterministic,benign
http://218.21.171.207:36218/Mozi.m,malware,ai,malware
http://218.21.171.207:36218/Mozi.m,malware,deterministic,defacement
partnersbrain.org,phishing,ai,benign
partnersbrain.org,phishing,deterministic,defacement
http://www.newtec.ac.uk/newtec-nurseries/newtec-mark-street-nursery/rooms-and-facilities.html,defacement,ai,defacement
http://www.newtec.ac.uk/newtec-nurseries/newtec-mark-street-nursery/rooms-and-facilities.html,defacement,deterministic,benign
www.exontrol.com/exresizer.jsp,phishing,ai,phishing
www.exontrol.com/exresizer.jsp,phishing,deterministic,defacement
http://114.239.39.47:48940/Mozi.m,malware,ai,malware
http://114.239.39.47:48940/Mozi.m,malware,deterministic,defacement
http://grasslandhotel.com.vn/index.php/tours/hoiantours/items/fbtrack.js,malware,ai,malware
http://grasslandhotel.com.vn/index.php/tours/hoiantours/items/fbtrack.js,malware,deterministic,defacement
secure.bzwbk.przelewy24-7.pl,phishing,ai,benign
secure.bzwbk.przelewy24-7.pl,phishing,deterministic,defacement
businesslinedubai.ae,phishing,ai,benign
businesslinedubai.ae,phishing,deterministic,defacement
http://www.northcoastpost.de/index.php?view=article&catid=36:jugend&id=67:how-i-met-your-father&tmpl=component&print=1&layout=default&page=&option=com_content&Itemid=55,defacement,ai,defacement
http://www.northcoastpost.de/index.php?view=article&catid=36:jugend&id=67:how-i-met-your-father&tmpl=component&print=1&layout=default&page=&option=com_content&Itemid=55,defacement,deterministic,defacement
policyaccountactive.gq,phishing,ai,benign
policyaccountactive.gq,phishing,deterministic,defacement
http://www.westlondongmpresources.org.uk/index.php?option=com_virtuemart&page=shop.browse&category_id=39&Itemid=1,defacement,ai,defacement
http://www.westlondongmpresources.org.uk/index.php?option=com_virtuemart&page=shop.browse&category_id=39&Itemid=1,defacement,deterministic,defacement
www.euronext.com/landing/indexMarket-18812-EN.html,phishing,ai,phishing
www.euronext.com/landing/indexMarket-18812-EN.html,phishing,deterministic,defacement
http://zeitfeist.de/youtube/5-reggae/625-bob-marley-legend-all-tracks.html,defacement,ai,benign
http://zeitfeist.de/youtube/5-reggae/625-bob-marley-legend-all-tracks.html,defacement,deterministic,defacement
oseiapeanicompany.com,phishing,ai,benign
oseiapeanicompany.com,phishing,deterministic,defacement
http://9779.info/%E7%BE%8E%E6%9C%AF%E9%B8%A1%E8%9B%8B%E7%B2%98%E8%B4%B4%E7%94%BB%E5%9B%BE%E7%89%87/,malware,ai,malware
http://9779.info/%E7%BE%8E%E6%9C%AF%E9%B8%A1%E8%9B%8B%E7%B2%98%E8%B4%B4%E7%94%BB%E5%9B%BE%E7%89%87/,malware,deterministic,defacement
http://eujuliano.com/signnownow/index.html.htm,phishing,ai,phishing
http://eujuliano.com/signnownow/index.html.htm,phishing,deterministic,defacement
http://www.construtoraelevacao.com.br/catalogo.1,defacement,ai,defacement
http://www.construtoraelevacao.com.br/catalogo.1,defacement,deterministic,benign
http://www.brigitte-koischwitz.de/index.php?option=com_virtuemart&page=shop.browse&search_limiter=name&keyword1=glรผck&Itemid=69,defacement,ai,defacement
http://www.brigitte-koischwitz.de/index.php?option=com_virtuemart&page=shop.browse&search_limiter=name&keyword1=glรผck&Itemid=69,defacement,deterministic,defacement
http://hrsbruvi.de/index.php?option=com_content&view=article&id=68&Itemid=103,defacement,ai,defacement
http://hrsbruvi.de/index.php?option=com_content&view=article&id=68&Itemid=103,defacement,deterministic,defacement
http://www.pidloga.com/o-nas/itemid-76.php,defacement,ai,defacement
http://www.pidloga.com/o-nas/itemid-76.php,defacement,deterministic,benign
www.wired.com/wired/archive/1.06/1.6_guis.html,phishing,ai,phishing
www.wired.com/wired/archive/1.06/1.6_guis.html,phishing,deterministic,defacement
www.polychimie.com/english/index.html,phishing,ai,phishing
www.polychimie.com/english/index.html,phishing,deterministic,defacement
http://sunriseheatingcooling.com/energy-money-saving-tips,defacement,ai,phishing
http://sunriseheatingcooling.com/energy-money-saving-tips,defacement,deterministic,benign
http://www.brigitte-koischwitz.de/index.php?page=shop.browse&category_id=8&option=com_virtuemart&Itemid=69,defacement,ai,defacement
http://www.brigitte-koischwitz.de/index.php?page=shop.browse&category_id=8&option=com_virtuemart&Itemid=69,defacement,deterministic,defacement
https://bit.ly/AFP_BCP,phishing,ai,phishing
https://bit.ly/AFP_BCP,phishing,deterministic,benign
www.cs.queensu.ca/~cordy/,phishing,ai,phishing
www.cs.queensu.ca/~cordy/,phishing,deterministic,defacement
http://zeitfeist.de/index.php,defacement,ai,defacement
http://zeitfeist.de/index.php,defacement,deterministic,defacement
http://138.197.153.117/fearlesshitter.i586,malware,ai,malware
http://138.197.153.117/fearlesshitter.i586,malware,deterministic,defacement
http://64.227.24.158/bins/Hilix.x86,malware,ai,benign
http://64.227.24.158/bins/Hilix.x86,malware,deterministic,defacement
https://pastebin.com/raw/cZD0Bm0c,malware,ai,malware
https://pastebin.com/raw/cZD0Bm0c,malware,deterministic,benign
http://www.liderplan.com/consultoria/ayudas-y-subvenciones,defacement,ai,defacement
http://www.liderplan.com/consultoria/ayudas-y-subvenciones,defacement,deterministic,benign
http://9779.info/%E7%94%A8%E7%BA%BD%E6%89%A3%E5%81%9A%E6%89%8B%E5%B7%A5%E7%B2%98%E8%B4%B4%E7%94%BB/,malware,ai,malware
http://9779.info/%E7%94%A8%E7%BA%BD%E6%89%A3%E5%81%9A%E6%89%8B%E5%B7%A5%E7%B2%98%E8%B4%B4%E7%94%BB/,malware,deterministic,defacement
archive.eiffel.com/doc/online/eiffel50/intro/language/,phishing,ai,benign
archive.eiffel.com/doc/online/eiffel50/intro/language/,phishing,deterministic,defacement
http://img.beihai365.com/bbs/forumid_231/20091101_b6cee6228d8653e359e1fIQeA5AyUq55.jpg,malware,ai,phishing
http://img.beihai365.com/bbs/forumid_231/20091101_b6cee6228d8653e359e1fIQeA5AyUq55.jpg,malware,deterministic,benign
judykat.com/ken-judy/,phishing,ai,benign
judykat.com/ken-judy/,phishing,deterministic,defacement
http://www.iremshrine.com/uniformed-units-mainmenu-109/legion-of-honor,defacement,ai,defacement
http://www.iremshrine.com/uniformed-units-mainmenu-109/legion-of-honor,defacement,deterministic,benign
https://mitsui-jyuku.mixh.jp/uploads/179N8Mk0.exe,malware,ai,malware
https://mitsui-jyuku.mixh.jp/uploads/179N8Mk0.exe,malware,deterministic,benign
sumicsow.gq,phishing,ai,benign
sumicsow.gq,phishing,deterministic,defacement
http://us.battle.net.ok.qe-rs.com/login/en/login.html?app=wam,phishing,ai,benign
http://us.battle.net.ok.qe-rs.com/login/en/login.html?app=wam,phishing,deterministic,defacement
fashion-mania.in,phishing,ai,benign
fashion-mania.in,phishing,deterministic,defacement
http://45.77.205.198/bins/UnHAnaAW.ppc,malware,ai,malware
http://45.77.205.198/bins/UnHAnaAW.ppc,malware,deterministic,defacement
www.alphaworks.ibm.com/tech/jinsight,phishing,ai,phishing
www.alphaworks.ibm.com/tech/jinsight,phishing,deterministic,defacement
www.writerfind.com/ardley.htm,phishing,ai,phishing
www.writerfind.com/ardley.htm,phishing,deterministic,defacement
xbox360.ign.com/objects/896/896273.html,phishing,ai,benign
xbox360.ign.com/objects/896/896273.html,phishing,deterministic,defacement
http://mueblescomuneros.com/informatica/8-informatica/detail/12-0028s.html?tmpl=component,defacement,ai,defacement
http://mueblescomuneros.com/informatica/8-informatica/detail/12-0028s.html?tmpl=component,defacement,deterministic,benign
http://chelurao.ru/index.php?option=com_content&view=article&id=8&Itemid=9&lang=ru,defacement,ai,defacement
http://chelurao.ru/index.php?option=com_content&view=article&id=8&Itemid=9&lang=ru,defacement,deterministic,defacement
http://www.xpj5988.com/skin/css/cn.css;jsessionid=A77C20A90C6790855CB2882AD06183ED,malware,ai,malware
http://www.xpj5988.com/skin/css/cn.css;jsessionid=A77C20A90C6790855CB2882AD06183ED,malware,deterministic,benign
www.fastsearch.com/press.aspx?m=63,phishing,ai,phishing
www.fastsearch.com/press.aspx?m=63,phishing,deterministic,defacement
http://www.marketingendesign.nl/sprekers/172-truus-dokter,defacement,ai,defacement
http://www.marketingendesign.nl/sprekers/172-truus-dokter,defacement,deterministic,benign
santarellano.com,phishing,ai,benign
santarellano.com,phishing,deterministic,defacement
http://bon-dom.com/bochki-i-zhbanyi-dlya-vina-vodki-i-konyaka/zhban-dubovyiy-15l-na-podstavke,defacement,ai,benign
http://bon-dom.com/bochki-i-zhbanyi-dlya-vina-vodki-i-konyaka/zhban-dubovyiy-15l-na-podstavke,defacement,deterministic,defacement
http://www.teatrodellaforma.com/web-link/2-siti-utili/1-fita,defacement,ai,defacement
http://www.teatrodellaforma.com/web-link/2-siti-utili/1-fita,defacement,deterministic,defacement
www.cyb-tec.com/equipment_d.htm,phishing,ai,phishing
www.cyb-tec.com/equipment_d.htm,phishing,deterministic,defacement
http://www.autoretro.it/abarth/AB08.htm,defacement,ai,defacement
http://www.autoretro.it/abarth/AB08.htm,defacement,deterministic,benign
http://www.kristall-zell.at/index.php/en/aktivitaeten.html,defacement,ai,defacement
http://www.kristall-zell.at/index.php/en/aktivitaeten.html,defacement,deterministic,defacement
apple-apple-appid.com,phishing,ai,benign
apple-apple-appid.com,phishing,deterministic,defacement
http://marbrespalau.com/index.php?option=com_content&view=article&id=48&Itemid=57&lang=ca,defacement,ai,defacement
http://marbrespalau.com/index.php?option=com_content&view=article&id=48&Itemid=57&lang=ca,defacement,deterministic,benign
http://www.klavierhaus-alber.de/index2.php?option=com_content&view=article&id=71,defacement,ai,defacement
http://www.klavierhaus-alber.de/index2.php?option=com_content&view=article&id=71,defacement,deterministic,defacement
http://138.68.29.144/SBIDIOT/rtk,malware,ai,malware
http://138.68.29.144/SBIDIOT/rtk,malware,deterministic,defacement
www.sapscene.com/sapscene/,phishing,ai,phishing
www.sapscene.com/sapscene/,phishing,deterministic,defacement
http://www.parafiapiaski.pl/index.php?option=com_content&view=article&id=31:podrcznik-kandydata-na-ministranta&catid=2&Itemid=29,defacement,ai,defacement
http://www.parafiapiaski.pl/index.php?option=com_content&view=article&id=31:podrcznik-kandydata-na-ministranta&catid=2&Itemid=29,defacement,deterministic,benign
http://www.cuartoestudio.com/bfbrands.html,defacement,ai,defacement
http://www.cuartoestudio.com/bfbrands.html,defacement,deterministic,defacement
http://www.aibek.kz/index.php/the-articles/35-sozdanie-saitov.1,defacement,ai,defacement
http://www.aibek.kz/index.php/the-articles/35-sozdanie-saitov.1,defacement,deterministic,defacement
likasbayprecinct.com,phishing,ai,benign
likasbayprecinct.com,phishing,deterministic,defacement
http://mygerman.info/index.php?option=com_content&view=article&id=71:obshtestven-red-zayavlenie-podpiska&catid=49&Itemid=69,defacement,ai,defacement
http://mygerman.info/index.php?option=com_content&view=article&id=71:obshtestven-red-zayavlenie-podpiska&catid=49&Itemid=69,defacement,deterministic,defacement
http://www.gsmkamera.hu/index.html?option=com_content&view=article&id=5&Itemid=33&fontstyle=f-larger,defacement,ai,defacement
http://www.gsmkamera.hu/index.html?option=com_content&view=article&id=5&Itemid=33&fontstyle=f-larger,defacement,deterministic,defacement
www.statlab.uni-heidelberg.de/projects/oberon/,phishing,ai,phishing
www.statlab.uni-heidelberg.de/projects/oberon/,phishing,deterministic,defacement
www.pcworld.com/article/109595/its_open_season_on_spammers.html,phishing,ai,phishing
www.pcworld.com/article/109595/its_open_season_on_spammers.html,phishing,deterministic,defacement
sepwww.stanford.edu/doku.php?id=sep:software:seplib,phishing,ai,benign
sepwww.stanford.edu/doku.php?id=sep:software:seplib,phishing,deterministic,defacement
http://www.ambiani.nl/diensten/bruiloft-catering/70-huwelijksfeest-brabant.html,defacement,ai,defacement
http://www.ambiani.nl/diensten/bruiloft-catering/70-huwelijksfeest-brabant.html,defacement,deterministic,defacement
www.angelfire.com/rpg/wodstl/,phishing,ai,phishing
www.angelfire.com/rpg/wodstl/,phishing,deterministic,defacement
http://www.casasyapartamentosvacacionalesenmargarita.com/index.php?option=com_content&view=article&id=162:la-samanna-de-margarita-hotel-athalasso&catid=37&Itemid=57&lang=es,defacement,ai,defacement
http://www.casasyapartamentosvacacionalesenmargarita.com/index.php?option=com_content&view=article&id=162:la-samanna-de-margarita-hotel-athalasso&catid=37&Itemid=57&lang=es,defacement,deterministic,defacement
gather.corp.workgroup-appconnect.com,phishing,ai,benign
gather.corp.workgroup-appconnect.com,phishing,deterministic,defacement
http://www.sementimenzo.it/dove-siamo/3.html,defacement,ai,defacement
http://www.sementimenzo.it/dove-siamo/3.html,defacement,deterministic,benign
mandosterkota.be,phishing,ai,benign
mandosterkota.be,phishing,deterministic,defacement
ebay.co.uk.natweng.com,phishing,ai,benign
ebay.co.uk.natweng.com,phishing,deterministic,defacement
http://www.ybbstal-braeu.at/index.php?option=com_phocagallery&view=detail&catid=15:spannende-erklaerung&id=22:k-50erbier1011030&phocaslideshow=1&tmpl=component&Itemid=1,defacement,ai,defacement
http://www.ybbstal-braeu.at/index.php?option=com_phocagallery&view=detail&catid=15:spannende-erklaerung&id=22:k-50erbier1011030&phocaslideshow=1&tmpl=component&Itemid=1,defacement,deterministic,defacement
http://www.malsaker.nu/malsakersframtid/verksamheten,defacement,ai,defacement
http://www.malsaker.nu/malsakersframtid/verksamheten,defacement,deterministic,benign
http://emojidictionary75d139b8243558347d778dafc4b938fe.dns-cloud.net/jjjpp/indexa.php,phishing,ai,phishing
http://emojidictionary75d139b8243558347d778dafc4b938fe.dns-cloud.net/jjjpp/indexa.php,phishing,deterministic,defacement
http://www.qrscelltech.com/de/component/mailto/index.html?tmpl=component&link=aHR0cDovL3d3dy5xcnNjZWxsdGVjaC5jb20vZGUvaW1wcmVzc3Vt,defacement,ai,defacement
http://www.qrscelltech.com/de/component/mailto/index.html?tmpl=component&link=aHR0cDovL3d3dy5xcnNjZWxsdGVjaC5jb20vZGUvaW1wcmVzc3Vt,defacement,deterministic,benign
http://www.yallahoman.com/wp-content/themes/wisas/tylolf.htm,phishing,ai,phishing
http://www.yallahoman.com/wp-content/themes/wisas/tylolf.htm,phishing,deterministic,defacement
http://www.com-turning.com/........f/a68d6d961795150465edfbefba7e3c78/login.php,phishing,ai,phishing
http://www.com-turning.com/........f/a68d6d961795150465edfbefba7e3c78/login.php,phishing,deterministic,defacement
acessoempresarialaptha.com,phishing,ai,benign
acessoempresarialaptha.com,phishing,deterministic,defacement
https://spreadsheets.google.com/spreadsheet/formResponse?formkey=dHNLQkZUbFZhWDRYTTFGWkd3UlUtZHc6MQ&amp;theme=0AX42CRMsmRFbUy03NTAzM2Q4My03ODU1LTQ2NzItODI2YS1kZmU5YzdiMzZjOGQ&amp;embedded=true&amp;ifq,phishing,ai,phishing
https://spreadsheets.google.com/spreadsheet/formResponse?formkey=dHNLQkZUbFZhWDRYTTFGWkd3UlUtZHc6MQ&amp;theme=0AX42CRMsmRFbUy03NTAzM2Q4My03ODU1LTQ2NzItODI2YS1kZmU5YzdiMzZjOGQ&amp;embedded=true&amp;ifq,phishing,deterministic,benign
http://burkinasaracanarias.org/es.pdf?view=article&catid=40:noticias&id=72:primavera-solidaria,defacement,ai,benign
http://burkinasaracanarias.org/es.pdf?view=article&catid=40:noticias&id=72:primavera-solidaria,defacement,deterministic,benign
http://www.tehobsledovanie.ru/zayavka-dlya-obratnoy-svyazi,defacement,ai,defacement
http://www.tehobsledovanie.ru/zayavka-dlya-obratnoy-svyazi,defacement,deterministic,benign
http://www.salsven.com/index.php?option=com_content&view=article&id=68&Itemid=57,defacement,ai,defacement
http://www.salsven.com/index.php?option=com_content&view=article&id=68&Itemid=57,defacement,deterministic,benign
http://everdesign.com.au/index.php?page=shop.product_details&flypage=flypage.tpl&product_id=47&category_id=6&option=com_virtuemart&Itemid=1,defacement,ai,defacement
http://everdesign.com.au/index.php?page=shop.product_details&flypage=flypage.tpl&product_id=47&category_id=6&option=com_virtuemart&Itemid=1,defacement,deterministic,defacement
http://rs.xxweb.asia/m=weblogin/index.htm,phishing,ai,phishing
http://rs.xxweb.asia/m=weblogin/index.htm,phishing,deterministic,defacement
datacabin.net,phishing,ai,benign
datacabin.net,phishing,deterministic,defacement
http://93.171.33.234:27158/.i,malware,ai,malware
http://93.171.33.234:27158/.i,malware,deterministic,defacement
https://www.surveyol.com/s/56A3B59,phishing,ai,phishing
https://www.surveyol.com/s/56A3B59,phishing,deterministic,benign
https://onedrive.live.com/download?cid=052BCF630286E980&amp;resid=52BCF630286E980%21115&amp;authkey=ANnZDxmXDLx8PnY,phishing,ai,phishing
https://onedrive.live.com/download?cid=052BCF630286E980&amp;resid=52BCF630286E980%21115&amp;authkey=ANnZDxmXDLx8PnY,phishing,deterministic,benign
home.comcast.net/~ejreiner/,phishing,ai,benign
home.comcast.net/~ejreiner/,phishing,deterministic,defacement
jrefactory.sourceforge.net/csrefactory.html,phishing,ai,phishing
jrefactory.sourceforge.net/csrefactory.html,phishing,deterministic,defacement
http://www.skovborg-regnskab.dk/index.php/interim-management?tmpl=component&print=1&page=,defacement,ai,defacement
http://www.skovborg-regnskab.dk/index.php/interim-management?tmpl=component&print=1&page=,defacement,deterministic,benign
do-keseel.ga,phishing,ai,benign
do-keseel.ga,phishing,deterministic,defacement
'www.conradweb.org/\%7Ejackg/',phishing,ai,phishing
'www.conradweb.org/\%7Ejackg/',phishing,deterministic,defacement
https://toulousa.com/omg/184EYJSFYHMS.exe,malware,ai,malware
https://toulousa.com/omg/184EYJSFYHMS.exe,malware,deterministic,benign
http://9779.info/%E5%84%BF%E7%AB%A5%E6%89%8B%E5%B7%A5%E5%8D%A1%E7%BA%B8%E7%B2%98%E8%B4%B4%E7%94%BB/,malware,ai,malware
http://9779.info/%E5%84%BF%E7%AB%A5%E6%89%8B%E5%B7%A5%E5%8D%A1%E7%BA%B8%E7%B2%98%E8%B4%B4%E7%94%BB/,malware,deterministic,defacement
http://larcadelcarnevale.com/catalogo/travestimenti-hawaii.1,defacement,ai,phishing
http://larcadelcarnevale.com/catalogo/travestimenti-hawaii.1,defacement,deterministic,defacement
http://www.mlxa.com/js/?us.battle.net/login/en/?ref=us.battle.net/d3/en/index&amp;app=com-d3,phishing,ai,benign
http://www.mlxa.com/js/?us.battle.net/login/en/?ref=us.battle.net/d3/en/index&amp;app=com-d3,phishing,deterministic,benign
http://185.53.88.182/AB4g5/kiga.x86,malware,ai,malware
http://185.53.88.182/AB4g5/kiga.x86,malware,deterministic,defacement
www.loquendo.com/en/technology/TTS.htm,phishing,ai,phishing
www.loquendo.com/en/technology/TTS.htm,phishing,deterministic,defacement
http://www.auctionyourart.com/caroline-ashleighs-blog/185-notorious-bigs-black-leather-jacket-offered-by-caroline-ashleigh-appraisers-and-auctioneers.html,defacement,ai,defacement
http://www.auctionyourart.com/caroline-ashleighs-blog/185-notorious-bigs-black-leather-jacket-offered-by-caroline-ashleigh-appraisers-and-auctioneers.html,defacement,deterministic,defacement
bplenterprises.com,phishing,ai,benign
bplenterprises.com,phishing,deterministic,defacement
http://www.enventureonline.com/services/electronic-design/fpga-competency.html,defacement,ai,defacement
http://www.enventureonline.com/services/electronic-design/fpga-competency.html,defacement,deterministic,benign
ginini.com/software/pd/,phishing,ai,benign
ginini.com/software/pd/,phishing,deterministic,defacement
http://www.sklep-splawik.pl/index.php?option=com_phocagallery&view=detail&catid=1:galeria-sklepu&id=90:wdki&phocaslideshow=1&tmpl=component&Itemid=16,defacement,ai,defacement
http://www.sklep-splawik.pl/index.php?option=com_phocagallery&view=detail&catid=1:galeria-sklepu&id=90:wdki&phocaslideshow=1&tmpl=component&Itemid=16,defacement,deterministic,benign
holstinin.com,phishing,ai,benign
holstinin.com,phishing,deterministic,defacement
http://www.ndautopartes.com.ar/index.php?option=com_content&view=article&id=5&Itemid=2,defacement,ai,defacement
http://www.ndautopartes.com.ar/index.php?option=com_content&view=article&id=5&Itemid=2,defacement,deterministic,defacement
www.gaby.de/cpm/binary.html,phishing,ai,phishing
www.gaby.de/cpm/binary.html,phishing,deterministic,defacement
http://www.bruynzeelmultipanel.be/index.php?option=com_content&view=article&id=11:allin-ply-contreplaque-interieur&catid=2&Itemid=12,defacement,ai,defacement
http://www.bruynzeelmultipanel.be/index.php?option=com_content&view=article&id=11:allin-ply-contreplaque-interieur&catid=2&Itemid=12,defacement,deterministic,defacement
http://9779.info/%E6%BC%82%E4%BA%AE%E7%9A%84%E6%92%95%E8%B4%B4%E7%94%BB/,malware,ai,benign
http://9779.info/%E6%BC%82%E4%BA%AE%E7%9A%84%E6%92%95%E8%B4%B4%E7%94%BB/,malware,deterministic,defacement
http://opttoys24.ru/index.php?page=shop.product_details&category_id=35&flypage=flypage.tpl&product_id=137&option=com_virtuemart&Itemid=5,defacement,ai,defacement
http://opttoys24.ru/index.php?page=shop.product_details&category_id=35&flypage=flypage.tpl&product_id=137&option=com_virtuemart&Itemid=5,defacement,deterministic,defacement
http://ken.kulaklikdergisi.com/index.php?email=sales@optimus.co.th,phishing,ai,defacement
http://ken.kulaklikdergisi.com/index.php?email=sales@optimus.co.th,phishing,deterministic,defacement
www.blaam.com/bcp/index.html,phishing,ai,phishing
www.blaam.com/bcp/index.html,phishing,deterministic,defacement
http://165.227.184.147/bins/Hilix.arm,malware,ai,benign
http://165.227.184.147/bins/Hilix.arm,malware,deterministic,defacement
www.cs.arizona.edu/patterns/weaving/books/wt_math2.pdf,phishing,ai,benign
www.cs.arizona.edu/patterns/weaving/books/wt_math2.pdf,phishing,deterministic,defacement
http://odon-hotel.ru/index.php?option=com_content&view=article&id=56&Itemid=48,defacement,ai,defacement
http://odon-hotel.ru/index.php?option=com_content&view=article&id=56&Itemid=48,defacement,deterministic,benign
http://www.kulgupuit.ee/index.php?option=com_phocagallery&view=detail&catid=2:foto&id=29:adver-3&phocaslideshow=1&tmpl=component&Itemid=5&lang=ru,defacement,ai,defacement
http://www.kulgupuit.ee/index.php?option=com_phocagallery&view=detail&catid=2:foto&id=29:adver-3&phocaslideshow=1&tmpl=component&Itemid=5&lang=ru,defacement,deterministic,defacement
www.fao.org/DOCREP/004/Y1873E/y1873e08.htm,phishing,ai,phishing
www.fao.org/DOCREP/004/Y1873E/y1873e08.htm,phishing,deterministic,defacement
www.airnav.com/airports/us/AZ/,phishing,ai,phishing
www.airnav.com/airports/us/AZ/,phishing,deterministic,defacement
http://cintasmetricas.com/2/index.php?option=com_mailto&tmpl=component&link=aHR0cDovL2NpbnRhc21ldHJpY2FzLmNvbS8yL2luZGV4LnBocD9vcHRpb249Y29tX2NvbnRlbnQmdmlldz1hcnRpY2xlJmlkPTU6Y2F0YWxvZ28tZGUtcHJvZHVjdG9zJmNhdGlkPTY6cGFnaW5hcy1pbmZvcm1hdGl2YXMmSXRlbWlkPTEw,defacement,ai,defacement
http://cintasmetricas.com/2/index.php?option=com_mailto&tmpl=component&link=aHR0cDovL2NpbnRhc21ldHJpY2FzLmNvbS8yL2luZGV4LnBocD9vcHRpb249Y29tX2NvbnRlbnQmdmlldz1hcnRpY2xlJmlkPTU6Y2F0YWxvZ28tZGUtcHJvZHVjdG9zJmNhdGlkPTY6cGFnaW5hcy1pbmZvcm1hdGl2YXMmSXRlbWlkPTEw,defacement,deterministic,defacement
